name,index,score,coord_x,coord_y,coord_z,label,residues
850ps_5fer_traj,1,0.196173,43.550236,29.137730,43.258984,,B_48_TYR;B_49_LEU;B_50_CYS;B_51_PRO;B_53_CYS;B_54_ARG;B_55_ALA;B_56_VAL
850ps_5fer_traj,2,0.096452,48.585270,31.749199,42.745678,,B_37_LEU;B_40_THR;B_41_TRP;B_49_LEU;B_50_CYS;B_51_PRO
850ps_5fer_traj,3,0.061608,41.051247,25.742956,39.494156,,B_53_CYS;B_54_ARG;B_55_ALA;B_56_VAL;B_57_TYR
850ps_5fer_traj,4,0.058963,47.946049,36.892231,43.579437,,B_32_PHE;B_37_LEU;B_40_THR;B_51_PRO
850ps_5fer_traj,5,0.052834,41.124817,31.124750,45.599251,,B_50_CYS;B_51_PRO;B_52_GLN;B_53_CYS;B_54_ARG
850ps_5fer_traj,6,0.051167,41.159752,23.867817,30.213799,,A_57_TYR;A_61_PRO
850ps_5fer_traj,7,0.040399,39.678902,22.402704,25.984751,,A_48_TYR;A_57_TYR;A_58_GLN;A_59_ALA;A_60_ARG;A_61_PRO
850ps_5fer_traj,8,0.040306,45.321415,27.479502,30.160242,,B_60_ARG;B_61_PRO;B_62_GLN;B_63_LEU
850ps_5fer_traj,9,0.040216,40.963417,24.640995,35.431152,,B_56_VAL;B_57_TYR
850ps_5fer_traj,10,0.039788,45.511398,31.394131,29.727871,,A_27_PRO;B_61_PRO;B_62_GLN;B_63_LEU;B_64_HIS
850ps_5fer_traj,11,0.038794,47.858871,34.681545,31.447395,,B_24_VAL;B_41_TRP;B_61_PRO;B_62_GLN;B_63_LEU;B_64_HIS
850ps_5fer_traj,12,0.038497,42.540424,27.903246,25.754290,,A_27_PRO;A_56_VAL;A_57_TYR
850ps_5fer_traj,13,0.038094,36.950970,25.752319,36.720043,,A_62_GLN;B_27_PRO;B_28_CYS;B_57_TYR
850ps_5fer_traj,14,0.036677,46.680126,42.775761,43.395020,,B_13_CYS;B_16_CYS;B_32_PHE;B_33_CYS;B_36_CYS
850ps_5fer_traj,15,0.034081,51.743252,32.918362,39.799355,,B_37_LEU;B_38_ASN;B_39_GLU;B_40_THR;B_41_TRP;B_42_ALA
850ps_5fer_traj,16,0.029885,50.997955,38.853512,40.373230,,B_32_PHE;B_33_CYS;B_35_SER;B_36_CYS;B_37_LEU;B_38_ASN;B_39_GLU;B_40_THR
850ps_5fer_traj,17,0.028240,49.923962,36.591908,35.983929,,B_33_CYS;B_34_GLY;B_35_SER;B_36_CYS;B_37_LEU;B_38_ASN;B_39_GLU;B_41_TRP
850ps_5fer_traj,18,0.026402,31.984987,25.997423,31.037922,,A_41_TRP;A_61_PRO;A_62_GLN;A_63_LEU;A_64_HIS
850ps_5fer_traj,19,0.025887,34.838257,26.069361,34.482067,,A_62_GLN;A_63_LEU;A_64_HIS;B_27_PRO;B_28_CYS
850ps_5fer_traj,20,0.025429,44.649239,23.273512,28.747515,,
850ps_5fer_traj,21,0.024220,41.463291,31.503326,22.540411,,A_28_CYS;A_53_CYS;A_54_ARG;A_55_ALA;A_56_VAL
850ps_5fer_traj,22,0.022139,52.448120,28.517746,40.993443,,B_40_THR;B_41_TRP;B_42_ALA;B_44_GLN;B_46_SER;B_47_PRO;B_48_TYR;B_49_LEU
850ps_5fer_traj,23,0.022091,40.395809,26.148155,22.374680,,A_55_ALA;A_56_VAL;A_57_TYR
850ps_5fer_traj,24,0.021143,28.226337,46.850178,23.833002,,A_9_GLU;A_10_GLU;A_11_LEU;A_12_SER;A_13_CYS;A_14_SER;A_17_LEU
850ps_5fer_traj,25,0.019699,36.052338,23.213114,29.601337,,A_60_ARG;A_61_PRO;A_62_GLN;A_63_LEU
850ps_5fer_traj,26,0.019566,22.609194,37.507076,23.688799,,A_16_CYS;A_33_CYS
850ps_5fer_traj,27,0.018921,52.388859,34.948769,36.234062,,B_36_CYS;B_37_LEU;B_38_ASN;B_39_GLU;B_40_THR;B_41_TRP
850ps_5fer_traj,28,0.018827,46.887852,27.758551,32.988285,,B_41_TRP;B_57_TYR;B_59_ALA;B_60_ARG;B_61_PRO;B_62_GLN
850ps_5fer_traj,29,0.018631,54.189526,30.091557,38.148476,,B_40_THR;B_41_TRP;B_42_ALA;B_43_VAL;B_44_GLN;B_48_TYR
850ps_5fer_traj,30,0.018421,25.730658,33.495583,20.107101,,A_15_ILE;A_32_PHE;A_36_CYS;A_40_THR
850ps_5fer_traj,31,0.018243,31.840263,32.670116,17.341322,,A_40_THR;A_50_CYS;A_51_PRO;A_52_GLN
850ps_5fer_traj,32,0.018113,49.144108,31.678312,34.222469,,B_41_TRP;B_61_PRO;B_62_GLN;B_63_LEU
850ps_5fer_traj,33,0.018015,28.944214,28.821632,31.701317,,A_24_VAL;A_34_GLY;A_63_LEU;A_64_HIS;A_65_LYS
850ps_5fer_traj,34,0.017860,36.300419,32.758720,17.306347,,A_49_LEU;A_50_CYS;A_51_PRO;A_52_GLN;A_53_CYS;A_54_ARG;A_55_ALA
850ps_5fer_traj,35,0.017622,47.111576,25.750967,39.020336,,B_47_PRO;B_48_TYR;B_49_LEU;B_56_VAL;B_57_TYR;B_58_GLN;B_61_PRO
850ps_5fer_traj,36,0.016380,44.680614,39.429024,46.483715,,B_13_CYS;B_15_ILE;B_16_CYS;B_32_PHE;B_51_PRO
850ps_5fer_traj,37,0.016149,32.961819,41.266697,22.478750,,A_14_SER;A_31_ASN;A_52_GLN
850ps_5fer_traj,38,0.016079,23.375629,48.887768,25.705812,,A_8_ALA;A_9_GLU;A_10_GLU;A_12_SER;A_17_LEU;A_19_PRO
850ps_5fer_traj,39,0.015911,42.792324,46.424126,45.135502,,B_13_CYS;B_16_CYS;B_17_LEU;B_18_GLU;B_19_PRO
850ps_5fer_traj,40,0.015188,42.719585,35.980843,25.647343,,A_27_PRO;A_28_CYS;A_29_GLY;B_64_HIS
850ps_5fer_traj,41,0.015047,21.701998,55.051601,35.828247,,A_1_MET;A_2_ALA;A_3_GLU;A_5_CYS
850ps_5fer_traj,42,0.014793,51.041508,32.617134,32.827820,,B_38_ASN;B_41_TRP;B_60_ARG;B_61_PRO;B_62_GLN
850ps_5fer_traj,43,0.014562,23.247797,36.137451,21.900494,,A_15_ILE;A_16_CYS;A_33_CYS;A_36_CYS
850ps_5fer_traj,44,0.014459,36.732788,27.850414,41.099049,,B_28_CYS;B_53_CYS;B_54_ARG;B_55_ALA
850ps_5fer_traj,45,0.014375,47.726906,28.233921,41.122581,,B_41_TRP;B_47_PRO;B_48_TYR;B_49_LEU;B_50_CYS
850ps_5fer_traj,46,0.013858,37.455143,48.975109,45.715595,,B_8_ALA;B_9_GLU;B_12_SER;B_17_LEU;B_18_GLU;B_19_PRO
850ps_5fer_traj,47,0.013497,23.303894,43.687344,22.782457,,A_12_SER;A_13_CYS;A_16_CYS;A_17_LEU;A_18_GLU;A_19_PRO
850ps_5fer_traj,48,0.013355,38.469311,34.776756,46.208027,,B_14_SER;B_30_HIS;B_51_PRO;B_52_GLN;B_53_CYS
850ps_5fer_traj,49,0.013132,29.041252,26.253067,25.892822,,A_34_GLY;A_35_SER;A_37_LEU;A_38_ASN;A_39_GLU;A_41_TRP
850ps_5fer_traj,50,0.013047,19.972626,51.699261,33.621864,,A_1_MET;A_2_ALA;A_76_PHE;A_79_ALA
850ps_5fer_traj,51,0.012888,42.109867,28.115963,33.240379,,A_27_PRO;B_27_PRO;B_57_TYR;B_61_PRO;B_63_LEU
850ps_5fer_traj,52,0.012766,39.197960,36.416790,22.017618,,A_28_CYS;A_29_GLY;A_30_HIS;A_53_CYS
850ps_5fer_traj,53,0.012144,19.756947,51.206799,38.240055,,A_1_MET;A_2_ALA;A_75_GLN;A_76_PHE;A_78_GLN;A_79_ALA
850ps_5fer_traj,54,0.011714,30.214792,21.391047,20.111082,,A_40_THR;A_41_TRP;A_42_ALA;A_43_VAL;A_44_GLN;A_46_SER;A_47_PRO
850ps_5fer_traj,55,0.011664,50.101723,41.197418,38.886349,,B_33_CYS;B_34_GLY;B_35_SER;B_36_CYS;B_37_LEU
850ps_5fer_traj,56,0.011320,25.238739,57.739990,36.598610,,A_2_ALA;A_3_GLU;A_4_LEU;A_5_CYS
850ps_5fer_traj,57,0.011262,41.967453,35.914665,47.483067,,B_14_SER;B_15_ILE;B_30_HIS;B_51_PRO;B_52_GLN
850ps_5fer_traj,58,0.011213,24.229872,38.617233,20.517668,,A_13_CYS;A_15_ILE;A_16_CYS
850ps_5fer_traj,59,0.010380,27.872824,40.358063,21.311371,,A_13_CYS;A_14_SER;A_15_ILE;A_16_CYS
850ps_5fer_traj,60,0.010245,38.997063,28.472599,27.656116,,A_26_THR;A_27_PRO;A_57_TYR;A_61_PRO;A_63_LEU
